<?xml version="1.0"?>
<Locations >
  <Project >
    <file_marker column=" 1" line=" 1" >
      <vfs_project />
      <vfs_file>E:\Ada-GNAT\myprojects\test.ads</vfs_file>
    </file_marker>
    <file_marker column=" 1" line=" 1" >
      <vfs_project />
      <vfs_file>E:\Ada-GNAT\myprojects\test.adb</vfs_file>
    </file_marker>
    <file_marker current="true" column=" 1" line=" 1" >
      <vfs_project />
      <vfs_file>E:\Ada-GNAT\myprojects\consume\consume.gpr</vfs_file>
    </file_marker>
  </Project>
</Locations>
